Datetime,Water Level (m)
2025-03-30 06:00:00,0.046908814
2025-03-30 07:00:00,-0.034514382
2025-03-30 08:00:00,-0.0862908
2025-03-30 09:00:00,-0.055448286
2025-03-30 10:00:00,0.037898798
2025-03-30 11:00:00,0.12687106
2025-03-30 12:00:00,0.21196108
2025-03-30 13:00:00,0.2890062
2025-03-30 14:00:00,0.31916785
2025-03-30 15:00:00,0.32046357
2025-03-30 16:00:00,0.2955905
2025-03-30 17:00:00,0.23778367
2025-03-30 18:00:00,0.15674594
2025-03-30 19:00:00,0.07107866
2025-03-30 20:00:00,-0.0024977904
2025-03-30 21:00:00,-0.010266282
2025-03-30 22:00:00,0.0589771
2025-03-30 23:00:00,0.15483224
2025-03-31 00:00:00,0.23284242
2025-03-31 01:00:00,0.30122724
2025-03-31 02:00:00,0.32992923
2025-03-31 03:00:00,0.32712293
2025-03-31 04:00:00,0.30298018
2025-03-31 05:00:00,0.24713518
2025-03-31 06:00:00,0.16787219
2025-03-31 07:00:00,0.08338926
2025-03-31 08:00:00,0.005049515
2025-03-31 09:00:00,-0.032396287
2025-03-31 10:00:00,0.015031111
2025-03-31 11:00:00,0.11742578
2025-03-31 12:00:00,0.20754032
2025-03-31 13:00:00,0.29921937
2025-03-31 14:00:00,0.36802426
2025-03-31 15:00:00,0.39124554
2025-03-31 16:00:00,0.3859698
2025-03-31 17:00:00,0.353021
2025-03-31 18:00:00,0.28403497
2025-03-31 19:00:00,0.19727655
2025-03-31 20:00:00,0.11116787
2025-03-31 21:00:00,0.057703886
2025-03-31 22:00:00,0.0751937
2025-03-31 23:00:00,0.1521968
2025-04-01 00:00:00,0.2343688
2025-04-01 01:00:00,0.30149916
2025-04-01 02:00:00,0.3563681
2025-04-01 03:00:00,0.36572573
2025-04-01 04:00:00,0.35338226
2025-04-01 05:00:00,0.31672242
2025-04-01 06:00:00,0.2504445
2025-04-01 07:00:00,0.16712295
2025-04-01 08:00:00,0.08434359
2025-04-01 09:00:00,0.019242488
2025-04-01 10:00:00,0.014578761
2025-04-01 11:00:00,0.08515229
2025-04-01 12:00:00,0.17914599
2025-04-01 13:00:00,0.27178976
2025-04-01 14:00:00,0.36073032
2025-04-01 15:00:00,0.41046926
2025-04-01 16:00:00,0.41754147
2025-04-01 17:00:00,0.4011326
2025-04-01 18:00:00,0.35376638
2025-04-01 19:00:00,0.27629486
2025-04-01 20:00:00,0.18912286
2025-04-01 21:00:00,0.110245064
2025-04-01 22:00:00,0.07851728
2025-04-01 23:00:00,0.11029073
2025-04-02 00:00:00,0.17972249
2025-04-02 01:00:00,0.2476274
2025-04-02 02:00:00,0.3031821
2025-04-02 03:00:00,0.3381068
2025-04-02 04:00:00,0.33476558
2025-04-02 05:00:00,0.31267628
2025-04-02 06:00:00,0.26513442
2025-04-02 07:00:00,0.19341014
2025-04-02 08:00:00,0.11248145
2025-04-02 09:00:00,0.037401687
2025-04-02 10:00:00,-0.009432529
2025-04-02 11:00:00,0.012647973
2025-04-02 12:00:00,0.090715386
2025-04-02 13:00:00,0.17453109
2025-04-02 14:00:00,0.2617926
2025-04-02 15:00:00,0.33702388
2025-04-02 16:00:00,0.3684947
2025-04-02 17:00:00,0.3666619
2025-04-02 18:00:00,0.34295428
2025-04-02 19:00:00,0.2881859
2025-04-02 20:00:00,0.21022758
2025-04-02 21:00:00,0.12806292
2025-04-02 22:00:00,0.064250275
2025-04-02 23:00:00,0.048757404
2025-04-03 00:00:00,0.08492327
2025-04-03 01:00:00,0.14376111
2025-04-03 02:00:00,0.19412771
2025-04-03 03:00:00,0.23615567
2025-04-03 04:00:00,0.2565639
2025-04-03 05:00:00,0.2482757
2025-04-03 06:00:00,0.22086428
2025-04-03 07:00:00,0.17079641
2025-04-03 08:00:00,0.10148819
2025-04-03 09:00:00,0.027805123
2025-04-03 10:00:00,-0.037352193
2025-04-03 11:00:00,-0.05427778
2025-04-03 12:00:00,-0.010564051
2025-04-03 13:00:00,0.06293175
2025-04-03 14:00:00,0.13814348
2025-04-03 15:00:00,0.21807276
2025-04-03 16:00:00,0.27768576
2025-04-03 17:00:00,0.3007339
2025-04-03 18:00:00,0.29669285
2025-04-03 19:00:00,0.27058277
2025-04-03 20:00:00,0.21632853
2025-04-03 21:00:00,0.14296782
2025-04-03 22:00:00,0.07236467
2025-04-03 23:00:00,0.02759453
2025-04-04 00:00:00,0.027890978
2025-04-04 01:00:00,0.060291883
2025-04-04 02:00:00,0.09945453
2025-04-04 03:00:00,0.13065098
2025-04-04 04:00:00,0.15910438
2025-04-04 05:00:00,0.16649716
2025-04-04 06:00:00,0.1545976
2025-04-04 07:00:00,0.12612729
2025-04-04 08:00:00,0.07801548
2025-04-04 09:00:00,0.013170369
2025-04-04 10:00:00,-0.04991663
2025-04-04 11:00:00,-0.08920757
2025-04-04 12:00:00,-0.07844445
2025-04-04 13:00:00,-0.03282879
2025-04-04 14:00:00,0.025085183
2025-04-04 15:00:00,0.09082422
2025-04-04 16:00:00,0.16733524
2025-04-04 17:00:00,0.21860056
2025-04-04 18:00:00,0.24206308
2025-04-04 19:00:00,0.24351764
2025-04-04 20:00:00,0.22464935
2025-04-04 21:00:00,0.18098165
2025-04-04 22:00:00,0.12002909
2025-04-04 23:00:00,0.06191748
2025-04-05 00:00:00,0.02850504
2025-04-05 01:00:00,0.025047136
2025-04-05 02:00:00,0.03892532
2025-04-05 03:00:00,0.05960001
2025-04-05 04:00:00,0.082467645
2025-04-05 05:00:00,0.110350326
2025-04-05 06:00:00,0.12391985
